{"cameraMode":{"drawMode":0,"name":"Shaded","section":"Shading Mode"},"sceneLighting":true,"audioPlay":false,"sceneViewState":{"m_AlwaysRefresh":false,"showFog":true,"showSkybox":true,"showFlares":true,"showImageEffects":true,"showParticleSystems":true,"showVisualEffectGraphs":true,"m_FxEnabled":true},"in2DMode":false,"pivot":{"x":-0.15299999713897706,"y":0.9110000133514404,"z":-5.189000129699707},"rotation":{"x":0.009747824631631375,"y":0.9882755279541016,"z":-0.13454462587833405,"w":0.07157651335000992},"size":5.966026306152344,"orthographic":false}